"Hour","High_Facebook","High_Shopify","High_Beyond_Meat","High_Netflix","High_Pinterest","High_Sqaure","High_The_Trade_Desk","High_Okta","High_Snap","High_Datadog"
"09","203.8677978516","758.0900268555","137.9700012207","452.0","16.5400009155","72.8099975586","289.4498901367","178.0","16.7299995422","67.25"
"10","203.3500061035","752.0","139.5599975586","446.5100097656","16.6749992371","75.5899963379","290.0700073242","177.8067932129","16.9300003052","66.5500030518"
"11","204.2700042725","757.4699707031","141.0","440.6400146484","16.9449996948","76.4899978638","296.8562927246","179.8899993896","17.1499996185","65.0"
"12","205.1000061035","754.1599731445","138.2400054932","440.3399963379","17.0400009155","76.75","294.5","179.0050048828","16.9899997711","64.8799972534"
"13","205.6399993896","755.8200073242","137.7899017334","441.7799987793","17.0300006866","77.1800003052","296.0","178.5","17.0","65.0"
"14","204.9850006104","751.799987793","135.7301025391","441.4400024414","16.9050006866","77.2600021362","295.7699890137","177.8099975586","16.9200000763","64.1299972534"
"15","206.9299926758","755.5700073242","135.8500061035","442.1400146484","17.0900001526","78.25","297.6700134277","177.8500061035","16.9699993134","65.8699035645"
